datetime,matte_west,Power
4/24/2023 11:54,1300.804688,7.180139542
4/24/2023 11:55,1167.723999,7.242208004
4/24/2023 12:00,1399.992798,7.190711498
4/24/2023 12:00,1281.003662,7.200864315
4/24/2023 12:00,1281.185669,7.20458746
4/24/2023 12:01,1082.980469,7.315306664
4/24/2023 12:01,1020.083252,7.28343153
4/24/2023 12:02,1260.999146,7.279926777
4/24/2023 12:02,1389.996826,7.262286186
4/24/2023 12:03,1022.963989,7.268961906
4/24/2023 12:04,1432.981812,7.24292469
4/24/2023 12:04,1469.996216,7.231930733
4/24/2023 12:04,1405.993652,7.222098827
4/24/2023 12:05,1434.880127,7.22579813
4/24/2023 12:05,1425.743896,7.21200037
4/24/2023 12:05,1272.751709,7.222772121
4/24/2023 12:05,1183.999146,7.214073658
4/24/2023 12:06,1191.851685,7.166000366
4/24/2023 12:06,1163.996948,7.183445454
4/24/2023 12:06,1062.974731,7.204328537
4/24/2023 12:07,1031.937256,7.162518024
4/24/2023 12:08,1007.997742,7.162184715
4/24/2023 12:08,1011.998291,7.149046421
4/24/2023 12:08,1005.98114,7.10489893
4/24/2023 12:08,1005.993347,7.092241287
4/24/2023 12:08,1003.998535,7.097240925
4/24/2023 12:09,1246.941528,7.089677811
4/24/2023 12:09,1001.998474,7.072959423
4/24/2023 12:09,1316.930176,7.06217432
4/24/2023 12:09,1154.995117,7.083986282
4/24/2023 12:09,1138,7.137895584
4/24/2023 12:10,1156.988037,7.141384125
4/24/2023 12:10,1129.007568,7.114748001
4/24/2023 12:10,1149.999878,7.092209816
4/24/2023 12:11,1029.665161,7.056807041
4/24/2023 12:11,1028.955078,7.057795525
4/24/2023 12:11,1020.999207,7.066330433
4/24/2023 12:11,1225.964233,7.102040768
4/24/2023 12:11,1153.99646,7.106194496
4/24/2023 12:12,1271.972046,7.128874779
4/24/2023 12:12,1173.993652,7.159301281
4/24/2023 12:12,1054.953003,7.144323826
4/24/2023 12:12,1439.890625,7.112292767
4/24/2023 12:12,1201.959473,7.094653606
4/24/2023 12:12,1112.991699,7.12827301
4/24/2023 12:13,1445.975586,7.148414612
4/24/2023 12:13,1241.805664,7.087824345
4/24/2023 12:14,1004.998718,7.10338068
4/24/2023 12:14,1188.771729,7.103847027
4/24/2023 12:14,1498.849243,7.102152348
4/24/2023 12:15,1035.933472,7.078661442
4/24/2023 12:15,1021.995422,7.05683136
4/24/2023 12:16,1422.639404,7.037826538
4/24/2023 12:16,1232.867065,7.028889179
4/24/2023 12:16,1070.926392,7.038974285
4/24/2023 12:16,1000.996216,7.068854809
4/24/2023 12:16,1013.995483,7.075184822
4/24/2023 12:16,1021.799683,7.128959656
4/24/2023 12:17,1307.761353,7.125262737
4/24/2023 12:17,1175.515015,7.122578621
4/24/2023 12:18,1453.267334,7.143780708
4/24/2023 12:18,1366.103882,7.124189854
4/24/2023 12:18,1442.716064,7.089878559
4/24/2023 12:18,1024.994751,7.086341381
4/24/2023 12:18,1339.710083,7.106374741
4/24/2023 12:18,1497.534302,7.131949902
4/24/2023 12:19,1488.942017,7.136748314
4/24/2023 12:19,1414.991455,7.132573128
4/24/2023 12:19,1001.999939,7.124071598
4/24/2023 12:19,1047.239258,7.106660366
4/24/2023 12:49,1002.980347,6.320498943
4/24/2023 12:56,1168.482056,6.831399441
4/24/2023 12:56,1156.99585,6.701733112
4/24/2023 12:56,1416.212524,6.50746727
4/24/2023 12:56,1034.928101,6.369402409
4/24/2023 12:57,1154.005981,6.240777493
4/24/2023 12:57,1312.005249,6.238895893
4/24/2023 12:57,1008.75,6.430294037
4/24/2023 12:57,1220,6.534832954
4/24/2023 12:57,1283.851807,6.648123741
4/24/2023 12:58,1296.97583,6.720227718
4/24/2023 12:58,1181.881104,6.661471367
4/24/2023 12:58,1181.908325,6.756939411
4/24/2023 12:58,1208.819702,7.191044331
4/24/2023 12:58,1162.999756,7.49398613
4/24/2023 12:58,1090.981689,7.36021471
4/24/2023 12:59,1000.998291,7.237095833
4/24/2023 12:59,1104.04834,7.094305992
4/24/2023 12:59,1446.977173,7.033760071
4/24/2023 12:59,1009.994019,6.937932491
4/24/2023 12:59,1014.9776,6.828249454
4/24/2023 12:59,1007.999878,6.655892372
4/24/2023 13:00,1006.524353,6.714842319
4/24/2023 13:00,1140.014404,7.51698637
4/24/2023 13:00,1163.997192,8.431102753
4/24/2023 13:00,1161.983154,8.732039452
4/24/2023 13:00,1145.999268,8.632224083
4/24/2023 13:00,1068.998169,8.465880394
4/24/2023 13:01,1187.159302,8.289774895
4/24/2023 13:01,1158.994507,8.234340668
4/24/2023 13:01,1110.94397,8.275048256
4/24/2023 13:01,1076.004395,8.256251335
4/24/2023 13:01,1148.996704,8.044164658
4/24/2023 13:02,1020.989563,7.537624836
4/24/2023 13:02,1026.980469,6.69464159
4/24/2023 13:02,1011.996094,6.831792355
4/24/2023 13:02,1154.001953,7.348789692
4/24/2023 13:02,1307.999634,7.308925629
4/24/2023 13:02,1185.92334,7.203557491
4/24/2023 13:03,1001.996704,7.418291569
4/24/2023 13:03,1012.984619,7.75680685
4/24/2023 13:03,1126.952515,7.719781876
4/24/2023 13:03,1259.868286,7.65666914
4/24/2023 13:03,1007.99939,7.763180256
4/24/2023 13:03,1150.984863,7.993382931
4/24/2023 13:04,1133.756958,8.393309593
4/24/2023 13:04,1313.921997,8.767334938
4/24/2023 13:04,1004.998169,8.699942589
4/24/2023 13:04,1038.991943,8.577961922
4/24/2023 13:04,1051.005371,8.448511124
4/24/2023 13:04,1163.949585,8.371961594
4/24/2023 13:05,1151.994629,8.282650948
4/24/2023 13:05,1017.996216,8.202080727
4/24/2023 13:05,1029.993774,8.024482727
4/24/2023 13:06,1015.999817,7.219975471
4/24/2023 13:06,1276.996216,7.143485546
4/24/2023 13:06,1109.99707,7.077997684
4/24/2023 13:06,1018.994019,7.055377483
4/24/2023 13:06,1174.990234,6.99285984
4/24/2023 13:07,1163.00354,6.85687542
4/24/2023 13:07,1005.997192,6.809467316
4/24/2023 13:07,1167.980835,6.709193707
4/24/2023 13:07,1154.065918,6.471613407
4/24/2023 13:08,1003.857117,6.355387688
4/24/2023 13:08,1003.009949,6.306800365
4/24/2023 13:08,1163.992554,6.422427177
4/24/2023 13:08,1027.956543,6.477551937
4/24/2023 13:08,1030.992798,6.372667313
4/24/2023 13:08,1025.989136,6.39052248
4/24/2023 13:09,1065.977661,6.360302448
4/24/2023 13:09,1190.963135,6.765174389
4/24/2023 13:09,1143.009521,7.144678116
4/24/2023 13:09,1047.996582,6.930702209
4/24/2023 13:09,1028.958008,6.758770943
4/24/2023 13:09,1247.966797,6.622092724
4/24/2023 13:10,1173.997314,6.563270569
4/24/2023 13:10,1163.997437,6.313184261
4/24/2023 13:10,1007.996399,6.44307375
4/24/2023 13:10,1245.983887,6.934670925
4/24/2023 21:10,1010.998779,7.229912758
4/25/2023 5:10,1144.999512,7.704271793
4/25/2023 13:10,1004.997009,0
4/25/2023 21:10,1033.982544,8.381788254
4/26/2023 5:10,1149.995239,8.148715019
4/26/2023 13:10,1017.994324,8.538229942
4/26/2023 21:10,1033.96228,7.041398525
4/27/2023 5:10,1000.99939,7.570884705
4/27/2023 13:10,1008.998474,6.133427143
4/27/2023 14:50,1055.903198,0
4/27/2023 14:53,1021.997681,0
4/27/2023 14:53,1234,0
4/27/2023 14:53,1061.957642,0
4/27/2023 14:53,1432.95813,0
4/27/2023 14:53,1009.987915,0
4/27/2023 14:54,1152.977539,0
4/27/2023 14:54,1012.995789,0
4/27/2023 22:54,1279.986572,7.570930004
4/28/2023 6:54,1234.493164,8.482707977
4/28/2023 10:24,1229.841919,8.012237549
4/28/2023 10:34,1295.916016,7.940321922
4/28/2023 10:36,1305.993652,8.129431725
4/28/2023 10:41,1103.139648,8.772561073
4/28/2023 10:43,1212.763428,8.815585136
4/28/2023 11:53,1034.992798,8.8898592
4/28/2023 11:59,1169.98291,8.612973213
4/28/2023 12:00,1017.972839,8.626900673
4/28/2023 12:01,1042.960938,8.252802849
4/28/2023 12:01,1028.994751,8.291349411
4/28/2023 12:01,1211.981079,8.405471802
4/28/2023 12:02,1138.99585,8.496944427
4/28/2023 12:02,1019.993713,8.486668587
4/28/2023 12:07,1314.988525,8.948966026
4/28/2023 12:08,1247.831665,8.859562874
4/28/2023 12:08,1035.999146,8.86380291
4/28/2023 12:08,1267.782715,8.694664955
4/28/2023 12:08,1147.991943,8.580827713
4/28/2023 12:09,1149.994507,8.640117645
4/28/2023 12:09,1173.952393,8.673066139
4/28/2023 12:09,1105.999146,8.748703957
4/28/2023 12:09,1007.995483,8.82566452
4/28/2023 12:09,1108.992065,8.904747009
4/28/2023 12:10,1066.998779,8.91857338
4/28/2023 12:10,1076.890869,8.930503845
4/28/2023 12:10,1062.9104,8.915222168
4/28/2023 12:10,1275.771973,8.786560059
4/28/2023 12:11,1100.987427,8.506012917
4/28/2023 12:11,1019.995789,8.48968029
4/28/2023 12:11,1086.001953,8.495281219
4/28/2023 12:11,1303.661743,8.433833122
4/28/2023 12:11,1276.851318,8.38871479
4/28/2023 12:12,1370.990234,8.45198822
4/28/2023 13:32,1277.500244,7.604721546
4/28/2023 13:33,1053.99707,7.592111111
4/28/2023 13:33,1227.987549,7.566269875
4/28/2023 13:33,1005.99884,7.458706379
4/28/2023 13:33,1243.953247,7.139065266
4/28/2023 13:33,1274.955566,6.826616764
4/28/2023 13:33,1010.984436,6.864724159
4/28/2023 13:34,1306.956299,6.781685829
4/28/2023 13:34,1255.957642,7.042432785
4/28/2023 13:34,1317.914917,7.153069973
4/28/2023 13:34,1441.641479,6.974876404
4/28/2023 13:34,1044.985596,6.696439743
4/28/2023 13:34,1023.976013,6.696751595
4/28/2023 13:35,1084.872803,6.773088932
4/28/2023 13:35,1146.731934,7.200584888
4/28/2023 13:35,1226.795166,7.648234844
4/28/2023 13:35,1071.995605,7.96183157
4/28/2023 13:36,1056.984863,8.085996628
4/28/2023 13:36,1198.939941,8.08259201
4/28/2023 13:38,1333.934448,8.606061935
4/28/2023 13:38,1146.807617,8.626861572
4/28/2023 13:38,1181.967041,8.672738075
4/28/2023 13:38,1448.676758,8.727708817
4/28/2023 13:39,1043.569946,8.750921249
4/28/2023 13:39,1304.756348,8.792915344
4/28/2023 13:39,1262.841675,8.82943058
4/28/2023 13:39,1375.925659,8.826307297
4/28/2023 13:39,1331.987793,8.819181442
4/28/2023 13:39,1121.687134,8.814188004
4/28/2023 13:40,1475.992065,8.864919662
4/28/2023 13:40,1309.800537,8.889389992
4/28/2023 13:40,1385.992798,8.900371552
4/28/2023 13:40,1312.79187,8.626866341
4/28/2023 13:40,1287.725708,8.517893791
4/28/2023 13:40,1021.216614,8.544525146
4/28/2023 13:41,1166.390015,8.545834541
4/28/2023 13:41,1163.990356,8.521611214
4/28/2023 13:41,1267.812866,8.551668167
4/28/2023 13:41,1111.990967,0
4/28/2023 13:42,1301.987061,0
4/28/2023 13:47,1182.968872,5.58774519
4/28/2023 13:47,1019.991577,5.930182457
4/28/2023 13:47,1005.996521,5.939970493
4/28/2023 13:49,1161.976563,7.022032738
4/28/2023 13:49,1129.996948,7.289036751
4/28/2023 13:49,1226.898071,7.348638535
4/28/2023 21:49,1071.490112,8.081300735
4/29/2023 5:49,1183.731689,0
4/29/2023 13:49,1019.985352,8.96207428
4/29/2023 21:49,1221.799561,7.162600517
4/29/2023 22:39,1271.928467,9.569016457
4/29/2023 22:42,1012.997192,9.967359543
4/29/2023 22:42,1001.996094,10.00483227
4/29/2023 22:45,1136.98877,9.648563385
4/29/2023 22:45,1117.999512,9.634540558
4/29/2023 22:45,1014.968018,9.667309761
4/29/2023 23:47,1133.997559,0
4/29/2023 23:47,1019.997009,0
4/29/2023 23:47,1148.995483,0
4/29/2023 23:48,1033.996582,0
4/29/2023 23:48,1362.993042,0
4/29/2023 23:48,1124.995239,0
4/29/2023 23:49,1158.848022,0
4/29/2023 23:49,1316.98584,0
4/29/2023 23:49,1005.997925,0
4/29/2023 23:50,1098.992432,0
4/29/2023 23:50,1126.000488,0
4/29/2023 23:50,1144.92688,0
4/29/2023 23:50,1165.991943,0
4/29/2023 23:50,1221.952026,0
4/29/2023 23:51,1272.963989,0
4/29/2023 23:54,1001.99939,3.511515379
4/29/2023 23:54,1127.994019,3.451686621
4/29/2023 23:54,1393.992798,3.543133259
4/29/2023 23:55,1027.973877,2.132021427
4/29/2023 23:55,1317.946899,2.13607192
4/29/2023 23:55,1285.913818,2.120905161
4/29/2023 23:56,1003.997498,2.006872654
4/29/2023 23:57,1139.998535,1.976217031
4/29/2023 23:57,1010.99939,2.008473396
4/29/2023 23:57,1129.992798,2.060889244
4/29/2023 23:57,1149.997437,2.106346369
4/29/2023 23:57,1132.982422,2.231832266
4/29/2023 23:58,1005.006592,4.946233749
4/29/2023 23:58,1114.003174,5.239798069
4/29/2023 23:58,1299.592651,5.608317852
4/30/2023 0:06,1254.908569,9.11843586
4/30/2023 0:07,1331.984741,9.10547924
4/30/2023 0:13,1029.978271,7.767326832
4/30/2023 0:13,1015.962585,7.760436058
4/30/2023 0:13,1185,7.786912918
4/30/2023 0:17,1017.028809,9.275374413
4/30/2023 0:18,1131.999146,9.238669395
4/30/2023 8:08,1231.990723,9.085247993
4/30/2023 12:18,1171.992188,9.499302864
4/30/2023 12:21,1227.834473,9.442770004
4/30/2023 12:21,1359.996948,9.425992966
4/30/2023 12:21,1122.995117,9.346341133
4/30/2023 12:21,1043.990967,9.175863266
4/30/2023 12:22,1128,8.96246624
4/30/2023 12:22,1142.001221,8.787582397
4/30/2023 12:22,1114.00061,8.779405594
4/30/2023 12:23,1023.999756,8.886404991
4/30/2023 12:23,1030.318481,8.959565163
4/30/2023 12:23,1019.317322,8.973766327
4/30/2023 12:23,1139.93689,8.985154152
4/30/2023 12:24,1355.982544,8.988485336
4/30/2023 12:24,1036.991943,9.012125015
4/30/2023 12:24,1327.931885,9.006923676
4/30/2023 12:24,1112.020752,8.963846207
4/30/2023 12:24,1142.973389,8.950051308
4/30/2023 12:24,1113.008667,8.965538979
4/30/2023 12:25,1182.981445,8.967693329
4/30/2023 12:25,1003.999268,8.977556229
4/30/2023 12:25,1040.078003,8.930994034
4/30/2023 12:25,1157.96814,9.037834167
4/30/2023 12:25,1120.938843,9.326375008
4/30/2023 12:25,1112.49292,9.486157417
4/30/2023 12:26,1097.000244,9.550735474
4/30/2023 12:26,1134.973755,9.568914413
4/30/2023 12:26,1118,9.566414833
4/30/2023 12:26,1030,9.559352875
4/30/2023 12:27,1025.959473,9.578256607
4/30/2023 12:27,1063.064087,9.57078743
4/30/2023 12:27,1177.933838,9.553575516
4/30/2023 12:27,1245.964966,9.536525726
4/30/2023 12:27,1083.950684,9.517230988
4/30/2023 12:27,1101.988159,9.477583885
4/30/2023 12:28,1114.894775,9.427542686
4/30/2023 12:31,1063.995972,9.337590218
4/30/2023 12:32,1034.960449,9.292330742
4/30/2023 12:32,1125.007568,9.100517273
4/30/2023 12:32,1248.935425,8.973766327
4/30/2023 12:33,1157.987915,8.76337719
4/30/2023 12:33,1137.953125,8.64023304
4/30/2023 12:33,1113.9552,8.658143044
4/30/2023 12:33,1066.94751,8.808346748
4/30/2023 12:33,1133.991577,9.073489189
4/30/2023 12:33,1170.999146,9.30136013
4/30/2023 12:34,1000.565247,9.260074615
4/30/2023 12:35,1144.746216,9.084172249
4/30/2023 12:35,1168.626343,8.986258507
4/30/2023 12:35,1115.010132,8.951673508
4/30/2023 12:35,1164.000488,8.978821754
4/30/2023 12:35,1147.996338,8.873495102
4/30/2023 12:35,1067.940063,8.711726189
4/30/2023 12:36,1006.998657,8.605036736
4/30/2023 12:36,1138.013794,8.772203445
4/30/2023 12:36,1121.984375,9.147730827
4/30/2023 12:36,1126.999023,9.391153336
4/30/2023 12:36,1009.989014,9.403017044
4/30/2023 12:36,1217.981079,9.335751534
4/30/2023 12:37,1017.888367,9.267274857
4/30/2023 12:37,1133.969604,9.182605743
4/30/2023 12:37,1006,9.083760262
4/30/2023 12:37,1010.96405,8.984164238
4/30/2023 12:37,1122.212891,8.831325531
4/30/2023 12:38,1051.993042,8.692608833
4/30/2023 12:38,1046.978027,8.709044456
4/30/2023 12:38,1082,8.617908478
4/30/2023 12:38,1129.991577,8.497363091
4/30/2023 12:38,1127,8.514468193
4/30/2023 12:38,1119.999634,8.457370758
4/30/2023 12:39,1134.992065,8.376901627
4/30/2023 12:39,1143.994507,8.428594589
4/30/2023 12:39,1120.99231,8.793113708
4/30/2023 12:39,1034.949463,9.04737854
4/30/2023 12:39,1019.997925,8.986971855
4/30/2023 12:39,1148.921753,9.049967766
4/30/2023 12:40,1138.998779,9.041215897
4/30/2023 12:40,1030.982056,8.950745583
4/30/2023 12:40,1079.99707,8.873072624
4/30/2023 12:40,1150.95752,8.877064705
4/30/2023 12:40,1007.987366,8.862752914
4/30/2023 12:41,1184.045044,8.871060371
4/30/2023 12:41,1015.952393,8.800504684
4/30/2023 12:41,1098.214355,8.703418732
4/30/2023 12:41,1058.000244,8.764024734
4/30/2023 12:41,1030.99939,8.976759911
4/30/2023 12:41,1107.945435,9.23811245
4/30/2023 12:42,1232.008911,9.483108521
4/30/2023 12:42,1087.529053,9.52450943
4/30/2023 12:42,1104.883545,9.542334557
4/30/2023 12:42,1005.253906,9.532838821
4/30/2023 12:42,1084.010376,9.486575127
4/30/2023 12:42,1122.984863,9.409550667
4/30/2023 12:43,1208.991211,9.400343895
4/30/2023 12:43,1103.990845,9.412160873
4/30/2023 12:43,1116.003906,9.296538353
4/30/2023 12:44,1138.973145,9.097334862
4/30/2023 12:44,1079.203125,9.123254776
4/30/2023 12:44,1123.994385,9.058462143
4/30/2023 12:44,1109.99939,9.016809464
4/30/2023 12:44,1209.722534,9.03520298
4/30/2023 12:45,1095.97937,9.025964737
4/30/2023 12:45,1031.39978,8.968458176
4/30/2023 12:45,1136.99585,8.937306404
4/30/2023 12:45,1028.982056,8.973093033
4/30/2023 12:45,1167.993164,8.94374752
4/30/2023 12:45,1077.984009,8.925531387
4/30/2023 12:46,1120.982422,8.892375946
4/30/2023 12:46,1121.983521,8.840254784
4/30/2023 12:46,1147.994629,8.861767769
4/30/2023 12:46,1136.456421,9.04166317
4/30/2023 12:47,1106.995972,8.991763115
4/30/2023 12:47,1122.976074,8.91966629
4/30/2023 12:47,1278.889526,8.895793915
4/30/2023 12:47,1118.998413,8.828074455
4/30/2023 12:47,1119.997925,8.701965332
4/30/2023 12:47,1096.002441,8.661987305
4/30/2023 12:48,1108,8.695344925
4/30/2023 12:48,1090.004028,8.687264442
4/30/2023 12:48,1115.999756,8.598542213
4/30/2023 12:48,1123.995972,8.545946121
4/30/2023 12:48,1124,8.526157379
4/30/2023 12:48,1098.994629,8.408028603
4/30/2023 12:49,1129.995605,8.364034653
4/30/2023 12:49,1123.996826,8.400930405
4/30/2023 12:49,1138.987427,8.472165108
4/30/2023 12:49,1042.015625,8.517659187
4/30/2023 12:49,1140.996338,8.537643433
4/30/2023 12:49,1117.005249,8.526040077
4/30/2023 12:50,1124.990967,8.510266304
4/30/2023 12:50,1130.969971,8.526834488
4/30/2023 12:50,1141.947876,8.521834373
4/30/2023 12:50,1171.996948,8.515101433
4/30/2023 12:50,1158.993652,8.524725914
4/30/2023 12:50,1170.995605,8.563055038
4/30/2023 12:51,1130.999146,8.584969521
4/30/2023 12:51,1136.995117,8.598818779
4/30/2023 12:51,1140.969604,8.631978989
4/30/2023 12:51,1000.522095,8.656219482
4/30/2023 12:51,1158.99939,8.667981148
4/30/2023 12:51,1011.985718,8.650627136
4/30/2023 12:52,1171.981079,8.660219193
4/30/2023 12:52,1044.979004,8.78850174
4/30/2023 12:52,1105.992798,8.898766518
4/30/2023 12:52,1102.996826,8.977724075
4/30/2023 12:52,1165.999268,9.19387722
4/30/2023 12:52,1163,9.365922928
4/30/2023 12:53,1142.907593,9.465506554
4/30/2023 12:53,1150.011719,9.516755104
4/30/2023 13:03,1047.994385,9.264122009
4/30/2023 13:05,1004.99762,8.440940857
4/30/2023 13:06,1010.995178,8.445441246
4/30/2023 13:06,1167.998779,8.489760399
4/30/2023 13:06,1188.93396,8.439451218
4/30/2023 13:07,1179,8.351690292
4/30/2023 13:07,1155.997559,8.36293602
4/30/2023 13:07,1162.994385,8.42229557
4/30/2023 13:07,1157.007202,8.566968918
4/30/2023 13:07,1170.015015,8.626368523
4/30/2023 13:08,1159.003418,8.618300438
4/30/2023 13:08,1165.000977,8.51735878
4/30/2023 13:08,1174.996094,8.460816383
4/30/2023 13:08,1170.865479,8.441436768
4/30/2023 13:08,1169.789673,8.394134521
4/30/2023 13:08,1148.996948,8.286831856
4/30/2023 13:09,1148.988281,8.224848747
4/30/2023 13:09,1087.081787,8.192852974
4/30/2023 13:09,1098.002563,8.201360703
4/30/2023 13:09,1068.000488,8.226675987
4/30/2023 13:09,1111.996582,8.19297123
4/30/2023 13:09,1299.916382,8.204494476
4/30/2023 13:10,1079.713989,8.323054314
4/30/2023 13:10,1111,8.782089233
4/30/2023 13:10,1004.989197,9.353419304
4/30/2023 13:10,1125,9.484992981
4/30/2023 13:10,1115,9.28194809
4/30/2023 13:10,1104.994019,8.825893402
4/30/2023 13:11,1000.998779,7.894700527
4/30/2023 13:11,1146.003052,6.78312397
4/30/2023 13:11,1133.983276,6.536334991
4/30/2023 13:11,1149.991943,6.71861887
4/30/2023 13:11,1067.963013,6.796613693
4/30/2023 13:11,1185.999512,6.8105793
4/30/2023 13:12,1186.998413,6.87783289
4/30/2023 13:12,1153.992065,7.245896816
4/30/2023 13:12,1178.067505,7.897064209
4/30/2023 13:12,1151.984619,8.350836754
4/30/2023 13:12,1159.998779,8.497633934
4/30/2023 13:12,1080.99646,8.552634239
4/30/2023 13:13,1099.985596,8.594742775
4/30/2023 13:13,1098.995728,8.552279472
4/30/2023 13:13,1115.995728,8.498914719
4/30/2023 13:13,1133.994385,8.518116951
4/30/2023 13:13,1152,8.528982162
4/30/2023 13:13,1164.993042,8.642806053
4/30/2023 13:14,1023.965027,8.773490906
4/30/2023 13:14,1163.997925,8.845258713
4/30/2023 13:14,1140.996948,8.930077553
4/30/2023 13:14,1062.455566,8.989210129
4/30/2023 13:14,1045.90979,9.050743103
4/30/2023 13:14,1164.998535,9.110342026
4/30/2023 13:15,1148.040527,9.152763367
4/30/2023 13:15,1097.971436,9.194311142
4/30/2023 13:15,1133.990967,9.25487709
4/30/2023 13:15,1127.001221,9.279473305
4/30/2023 13:16,1130.994385,9.293123245
4/30/2023 13:16,1142.005371,9.284143448
4/30/2023 13:16,1132.015137,9.284477234
4/30/2023 13:16,1120.995483,9.28481102
4/30/2023 13:16,1093,9.251905441
4/30/2023 13:16,1114.994751,9.211868286
4/30/2023 13:17,1093.001953,9.244937897
4/30/2023 13:17,1073.003662,9.249335289
4/30/2023 13:17,1079.002441,9.183598518
4/30/2023 13:17,1060.008423,9.01785183
4/30/2023 13:17,1035.041992,8.771733284
4/30/2023 13:17,1021,8.719934464
4/30/2023 13:18,1050.997559,8.803413391
4/30/2023 13:18,1013.001587,8.800427437
4/30/2023 13:18,1168.75,8.912619591
4/30/2023 13:18,1039.617676,9.195690155
4/30/2023 13:18,1003.990051,9.239560127
4/30/2023 13:18,1002.998413,9.259041786
4/30/2023 13:19,1003.999756,9.285002708
4/30/2023 13:19,1065.976807,9.242370605
4/30/2023 13:19,1020.275085,9.28331089
4/30/2023 13:19,1000.99762,9.201411247
4/30/2023 13:19,1019.799133,9.10589695
4/30/2023 13:20,1068.998779,9.171770096
4/30/2023 13:20,1085.99939,9.239608765
4/30/2023 13:20,1061,9.306986809
4/30/2023 13:20,1021.993713,9.395125389
4/30/2023 13:20,1055.998657,9.514072418
4/30/2023 13:20,1016.994629,9.749231339
4/30/2023 13:21,1048.994019,9.985482216
4/30/2023 13:21,1069,10.05260372
4/30/2023 13:21,1072.963623,10.09574032
4/30/2023 13:21,1089.990479,10.12274361
4/30/2023 13:21,1262.971558,10.17113304
4/30/2023 13:21,1059.990112,10.22142315
4/30/2023 13:22,1099.968872,10.24114323
4/30/2023 13:22,1028.993408,10.23914337
4/30/2023 13:22,1104.317139,10.25341511
4/30/2023 13:22,1071.730713,10.28082943
4/30/2023 13:22,1111.977539,10.28272152
4/30/2023 13:22,1137,10.28627491
4/30/2023 13:23,1396.784668,10.30014706
4/30/2023 13:23,1138.983276,10.30524063
4/30/2023 13:23,1080,10.37937641
4/30/2023 13:23,1113.108032,10.46471119
4/30/2023 13:23,1162,10.47057247
4/30/2023 13:23,1113.001953,10.44987583
4/30/2023 13:24,1093.000244,10.39612484
4/30/2023 13:24,1139.983276,10.35786724
4/30/2023 13:24,1108.994019,10.31945992
4/30/2023 13:24,1175.911743,10.26129532
4/30/2023 13:24,1133.999023,10.16350174
4/30/2023 13:24,1008.999573,9.995905876
4/30/2023 13:25,1145.998657,9.846065521
4/30/2023 15:55,1107.001465,9.123838425
4/30/2023 16:04,1099.007202,8.387776375
4/30/2023 16:04,1152.995972,8.328684807
4/30/2023 16:04,1069.005005,8.240800858
4/30/2023 16:04,1189.976074,8.088492393
4/30/2023 16:04,1019.291748,7.911198139
4/30/2023 16:04,1124.999146,7.782797337
4/30/2023 16:05,1157,7.726727486
4/30/2023 16:05,1180.998169,7.916353226
4/30/2023 16:05,1178.95752,8.430005074
4/30/2023 16:05,1169.937866,8.791497231
4/30/2023 16:05,1145.004395,8.851344109
4/30/2023 16:05,1034.950562,8.822844505
4/30/2023 16:06,1046.980835,8.781906128
4/30/2023 16:06,1037.922119,8.724962234
4/30/2023 16:06,1026.940674,8.663961411
4/30/2023 16:06,1178.010986,8.599040985
4/30/2023 16:06,1010.150085,8.558227539
4/30/2023 16:06,1115.996948,8.526220322
4/30/2023 16:07,1163.018921,8.479230881
4/30/2023 16:07,1058.996582,8.431278229
4/30/2023 16:07,1170.980469,8.376223564
4/30/2023 16:07,1160.028564,8.389354706
4/30/2023 16:08,1151.002441,9.109818459
4/30/2023 16:08,1170.747925,9.087687492
4/30/2023 16:08,1014.976013,9.042140007
4/30/2023 16:08,1161.997559,9.025818825
4/30/2023 16:08,1193.973633,9.019240379
4/30/2023 16:09,1194.009399,8.981513023
4/30/2023 16:09,1035.184448,8.938110352
4/30/2023 16:09,1109.997192,8.890658379
4/30/2023 16:09,1145.008423,8.791658401
4/30/2023 16:09,1016.990112,8.737075806
4/30/2023 16:09,1150.992798,8.725413322
4/30/2023 16:10,1102.968018,8.702454567
4/30/2023 16:10,1099.003784,8.759659767
4/30/2023 16:10,1098,8.934288025
4/30/2023 16:10,1125.997559,9.137804031
4/30/2023 16:10,1109.939819,9.254095078
4/30/2023 16:10,1118.027954,9.300427437
4/30/2023 16:11,1095.992065,9.308016777
4/30/2023 16:11,1145,9.316592216
4/30/2023 16:11,1145.935547,9.32070446
4/30/2023 16:11,1110.977295,9.209298134
4/30/2023 16:11,1121.999512,9.094203949
4/30/2023 16:11,1243.983276,9.067704201
4/30/2023 16:12,1042.998047,9.065443993
4/30/2023 16:12,1051.972046,9.053097725
4/30/2023 16:12,1018.213501,8.979597092
4/30/2023 16:12,1379.02124,8.90903759
4/30/2023 16:12,1159.997192,8.857481956
4/30/2023 16:12,1144.985596,8.853305817
4/30/2023 16:13,1143.959229,8.663498878
4/30/2023 16:13,1037.516235,8.547610283
4/30/2023 16:13,1179.804688,8.495401382
4/30/2023 16:13,1037.988403,8.097232819
4/30/2023 16:13,1147.999023,7.744012833
4/30/2023 16:14,1119.963623,8.41574192
4/30/2023 16:14,1033.994629,8.934667587
4/30/2023 16:14,1009.612793,9.257583618
4/30/2023 16:14,1017.975342,9.347520828
4/30/2023 16:14,1245.955811,9.379091263
4/30/2023 16:15,1150.989258,9.429337502
4/30/2023 16:15,1023.200806,9.480456352
4/30/2023 16:15,1125.952026,9.532712936
4/30/2023 16:15,1110.995483,9.558223724
4/30/2023 16:15,1114.998413,9.561223984
4/30/2023 16:15,1110.994385,9.567501068
4/30/2023 16:16,1131.906372,9.549951553
4/30/2023 16:16,1039.995239,9.507227898
4/30/2023 16:16,1071.985596,9.504589081
4/30/2023 16:16,1011.976624,9.499004364
4/30/2023 16:16,1079.935181,9.450995445
4/30/2023 16:16,1144.437012,9.434892654
4/30/2023 16:17,1324.001343,9.454734802
4/30/2023 16:17,1130.992554,9.461420059
4/30/2023 16:17,1176.997559,9.480033875
4/30/2023 16:17,1179.002808,9.470368385
4/30/2023 16:17,1008.995972,9.458510399
4/30/2023 16:17,1145.052002,9.461910248
4/30/2023 16:18,1110.995605,9.444447517
4/30/2023 16:18,1106,9.42954731
4/30/2023 16:18,1176.023926,9.423542976
4/30/2023 16:18,1040.95813,9.40734005
4/30/2023 16:18,1145.998169,9.394693375
4/30/2023 16:18,1140.000854,9.41400528
4/30/2023 16:19,1107.984619,9.430000305
4/30/2023 16:19,1000.501038,9.42347908
4/30/2023 16:19,1287.989258,9.400549889
4/30/2023 16:19,1119.983765,9.368727684
4/30/2023 16:19,1116.000977,9.312278748
4/30/2023 16:19,1095,9.24745369
4/30/2023 16:20,1141.999756,9.235711098
4/30/2023 16:20,1136.998901,9.239215851
4/30/2023 16:20,1105.987183,9.240963936
4/30/2023 16:20,1104,9.249745369
4/30/2023 16:20,1076.998779,9.259775162
4/30/2023 16:21,1333.994263,9.246629715
4/30/2023 16:21,1088.976685,9.227970123
4/30/2023 16:21,1132,9.218467712
4/30/2023 16:21,1141.997559,9.191066742
4/30/2023 16:21,1115.998657,9.149860382
4/30/2023 16:21,1058.998047,9.097719193
4/30/2023 16:22,1152.900513,9.043402672
4/30/2023 16:22,1016.996399,8.972974777
4/30/2023 16:22,1004.999817,8.899313927
4/30/2023 16:22,1005.990906,8.914826393
4/30/2023 16:22,1101.833618,8.939051628
4/30/2023 16:23,1032.998779,9.014528275
4/30/2023 16:23,1018.993958,9.023359299
4/30/2023 16:23,1373.671143,9.004002571
4/30/2023 16:23,1012.317993,9.01945591
4/30/2023 16:23,1299.00354,9.028320313
4/30/2023 16:23,1004.041504,9.049433708
4/30/2023 16:24,1003.136292,9.050316811
4/30/2023 16:24,1087.985596,9.031122208
4/30/2023 16:24,1170.879517,8.997397423
4/30/2023 16:24,1007.990967,9.014609337
4/30/2023 16:24,1096.99585,9.016113281
4/30/2023 16:25,1353.97937,8.942625999
4/30/2023 16:25,1236.137817,8.85774231
4/30/2023 16:25,1020.598694,8.8174963
4/30/2023 16:25,1000.91217,8.604413986
4/30/2023 16:25,1023.005798,8.466650963
4/30/2023 16:25,1366.991943,8.485720634
4/30/2023 16:26,1308.919556,8.58074379
4/30/2023 16:26,1160.430298,8.650464058
5/1/2023 0:26,1129.987061,10.30679321
5/1/2023 8:26,1131,9.757219315
5/1/2023 12:06,1153.989502,9.615202904
5/1/2023 12:08,1096.996338,9.335945129
5/1/2023 12:09,1238.712646,9.473398209
5/1/2023 12:09,1024.046265,9.547519684
5/1/2023 12:09,1021.994995,9.59773159
5/1/2023 12:09,1055.978027,9.610693932
5/1/2023 12:09,1005.99231,9.639140129
5/1/2023 12:09,1008.090698,9.629499435
5/1/2023 12:10,1153.994873,9.703100204
5/1/2023 12:10,1085.952393,9.821773529
5/1/2023 12:10,1177.994263,9.906762123
5/1/2023 12:10,1039.033569,9.958272934
5/1/2023 12:10,1078.999634,9.994099617
5/1/2023 12:10,1087.981934,10.02061558
5/1/2023 12:11,1005.600159,10.06357574
5/1/2023 12:11,1052.992798,10.11407471
5/1/2023 12:11,1025.085205,10.1006279
5/1/2023 12:11,1020.998413,10.05168724
5/1/2023 12:11,1002.99762,10.04507542
5/1/2023 12:12,1001.998779,10.07074738
5/1/2023 12:12,1093.843506,10.1054163
5/1/2023 12:12,1016.283447,10.1181736
5/1/2023 12:12,1029.941162,10.1304636
5/1/2023 12:12,1334.327759,10.125741
5/1/2023 12:13,1070.981812,10.15946674
5/1/2023 12:13,1071.905151,10.16548538
5/1/2023 12:13,1388.004761,10.17901993
5/1/2023 12:13,1081.965454,10.16375923
5/1/2023 12:13,1143.977661,10.16755581
5/1/2023 12:14,1123.981079,10.15186024
5/1/2023 12:14,1119.997559,10.16580105
5/1/2023 12:14,1147.997925,10.14390469
5/1/2023 12:14,1140.988037,10.15167999
5/1/2023 12:14,1270.890869,10.13088799
5/1/2023 12:14,1147.998047,10.13039589
5/1/2023 12:15,1062.013428,10.11849117
5/1/2023 12:15,1026.912598,10.13000202
5/1/2023 12:15,1121.99939,10.13749123
5/1/2023 12:15,1109.982056,10.143713
5/1/2023 12:15,1136.998535,10.14637947
5/1/2023 12:15,1120,10.14904594
5/1/2023 12:16,1127.992798,10.15340328
5/1/2023 12:16,1150.995972,10.16240311
5/1/2023 12:16,1135.926025,10.17567348
5/1/2023 12:16,1210.991211,10.15132427
5/1/2023 12:16,1093.006958,10.01594353
5/1/2023 12:16,1197.988647,9.947693825
5/1/2023 12:17,1103.992798,9.904079437
5/1/2023 12:17,1026.960815,9.872036934
5/1/2023 12:17,1164.991455,9.733296394
5/1/2023 12:17,1158.999146,9.577787399
5/1/2023 12:17,1102.490356,9.613946915
5/1/2023 12:18,1187.958008,9.663007736
5/1/2023 12:18,1180.517334,9.681241035
5/1/2023 12:18,1094.99585,9.661644936
5/1/2023 12:18,1157.026123,9.634121895
5/1/2023 12:18,1155.986816,9.611918449
5/1/2023 12:18,1120.991577,9.574663162
5/1/2023 12:19,1106.002686,9.590280533
5/1/2023 12:19,1116.98999,9.556997299
5/1/2023 12:19,1162.988647,9.537192345
5/1/2023 12:19,1224.038452,9.511799812
5/1/2023 12:19,1147.997437,9.507299423
5/1/2023 12:19,1083.016846,9.499705315
5/1/2023 12:20,1047.00354,9.486932755
5/1/2023 12:20,1041.97998,9.467453003
5/1/2023 12:20,1039.789673,9.416129112
5/1/2023 12:20,1201.157227,9.396264076
5/1/2023 12:20,1034.956543,9.37505722
5/1/2023 12:20,1161.990356,9.328158379
5/1/2023 12:21,1106.009033,9.27154541
5/1/2023 12:21,1122.966431,9.241926193
5/1/2023 12:21,1145.807739,9.236330986
5/1/2023 12:21,1167.372559,9.226316452
5/1/2023 12:21,1011.959412,9.198838234
5/1/2023 12:21,1139,9.124742508
5/1/2023 16:45,1231.993408,6.726237774
5/1/2023 16:45,1227.982056,6.703269958
5/1/2023 16:45,1150.967529,6.628194332
5/1/2023 16:45,1152.949585,6.642678261
5/1/2023 16:46,1100.896118,6.690051556
5/1/2023 16:46,1302,6.726551533
5/1/2023 16:46,1175.974487,6.714655399
5/1/2023 16:46,1229.950562,6.745881557
5/1/2023 16:46,1002.993225,6.791771889
5/1/2023 16:47,1296.98877,6.661662579
5/1/2023 16:47,1029.613159,6.651937962
5/1/2023 16:47,1190.005371,6.662105083
5/1/2023 16:48,1324,6.685943604
5/1/2023 16:48,1231.997681,6.689940929
5/1/2023 16:48,1256.439331,6.638768673
5/1/2023 16:48,1135.255249,6.462348461
5/1/2023 16:48,1110,6.472388744
5/1/2023 16:48,1102.992798,6.536371708
5/1/2023 16:49,1146.99939,6.583000183
5/1/2023 16:49,1029.75293,6.583000183
5/1/2023 16:49,1168.832275,6.583000183
5/1/2023 16:49,1107.985596,6.571225166
5/1/2023 16:51,1051.997559,6.431938648
5/1/2023 16:51,1138.007446,6.422942162
5/1/2023 16:52,1156.999268,6.43353653
5/1/2023 16:52,1043.290039,6.460826397
5/1/2023 16:52,1078.008789,6.480998039
5/1/2023 16:52,1118.998169,6.512761116
5/1/2023 16:52,1091.982422,6.492642403
5/1/2023 16:52,1341.776733,6.480474472
5/1/2023 16:53,1485.854126,6.512237549
5/1/2023 16:53,1316.046753,6.396653175
5/1/2023 16:53,1098.209229,6.048635483
5/1/2023 16:53,1128.999634,6.31492281
5/1/2023 16:53,1121.999756,6.403659344
5/1/2023 16:53,1132.99646,6.456478596
5/1/2023 16:54,1137.835083,6.485646725
5/1/2023 16:54,1094.003418,6.498019695
5/1/2023 16:54,1453.71521,6.519128799
5/1/2023 16:54,1025.012939,6.520205021
5/1/2023 16:54,1342.938599,6.542830944
5/1/2023 16:54,1159.999634,5.019333363
5/1/2023 16:55,1029.166748,0.045058917
5/1/2023 16:55,1136.943115,0.236086294
5/1/2023 16:55,1167.995605,0.427419633
5/1/2023 16:55,1172.998657,0.618752956
5/1/2023 16:55,1162.998779,0.81008631
5/1/2023 16:55,1170,1.001132607
5/1/2023 16:56,1143,1.404337764
5/1/2023 16:56,1237.985962,2.243330956
5/1/2023 16:56,1120.998657,2.214508295
5/1/2023 16:56,1150.809814,2.203353405
5/1/2023 16:56,1185.997559,2.204852819
5/1/2023 16:56,1244.950806,2.206352234
5/1/2023 16:57,1120.998779,2.207849264
5/1/2023 16:57,1142,2.210638046
5/1/2023 16:57,1092.840454,2.216468096
5/1/2023 16:57,1167,2.212654829
5/1/2023 16:57,1140.995972,2.185753345
5/1/2023 16:57,1218.99231,2.160424232
5/1/2023 16:58,1049.561279,2.178042173
5/1/2023 16:58,1165,2.189111233
5/1/2023 16:58,1201.349976,2.193866491
5/1/2023 16:58,1206.998535,2.198615074
5/1/2023 16:58,1195.074341,2.208638191
5/1/2023 16:59,1107.881592,2.217044592
5/1/2023 16:59,1025.035889,2.230075836
5/1/2023 16:59,1103.005981,2.244942427
5/1/2023 16:59,1229.985962,2.250965118
5/1/2023 16:59,1101.995239,2.263426542
5/1/2023 17:00,1161.992798,2.274178267
5/1/2023 17:00,1168.99231,2.281058073
5/1/2023 17:00,1290.996948,2.292170048
5/1/2023 17:00,1185.935181,2.299043417
5/1/2023 17:00,1009.378723,2.309761047
5/1/2023 17:00,1038.375,2.313012362
5/1/2023 17:01,1209.029541,2.316258669
5/1/2023 17:01,1022.956848,2.31951499
5/1/2023 17:01,1180.99585,2.322188616
5/1/2023 17:01,1200.97998,2.322988272
5/1/2023 17:01,1179.967896,2.323788166
5/1/2023 17:01,1157.96106,2.324587822
5/1/2023 17:02,1004.625122,2.327862978
5/1/2023 17:02,1133.998779,2.332233191
5/1/2023 17:02,1135.005249,2.324733019
5/1/2023 17:02,1345.998779,2.318057537
5/1/2023 17:02,1051.984009,2.313350916
5/1/2023 17:03,1099.959595,2.310473442
5/1/2023 17:03,1222.039063,2.314468861
5/1/2023 17:03,1200.973389,2.318092585
5/1/2023 17:03,1058.916138,2.325149298
5/1/2023 17:04,1005.999329,2.325785637
5/1/2023 17:04,1002.999878,2.326421976
5/1/2023 17:04,1026.958008,2.327058315
5/1/2023 17:04,1184.993774,2.327694654
5/1/2023 17:04,1137.994385,2.328330994
5/1/2023 17:04,1151.045044,2.328967333
5/1/2023 17:05,1318.997559,2.329603672
5/1/2023 17:05,1131.008057,2.33024025
5/1/2023 17:05,1199.78894,2.330876589
5/1/2023 17:05,1265.822021,2.331511736
5/1/2023 17:05,1090.296875,2.327580929
5/1/2023 17:05,1010.500732,2.317007065
5/1/2023 17:06,1098.905029,2.330660105
5/1/2023 17:06,1016.966431,2.333451509
5/1/2023 17:06,1005.992981,2.336251497
5/1/2023 17:06,1274.031982,2.339051485
5/1/2023 17:06,1184.957153,2.341855764
5/1/2023 17:06,1201.995483,2.343732834
5/1/2023 17:07,1066.27002,2.342589617
5/1/2023 17:07,1183.993652,2.3414464
5/1/2023 17:07,1154.993042,2.339160204
5/1/2023 17:07,1152.001587,2.338018894
5/1/2023 17:08,1170.009521,2.354537964
5/1/2023 17:09,1204.048462,2.354109526
5/1/2023 17:09,1260.999268,2.349786282
5/1/2023 17:09,1144.00415,2.33606267
5/1/2023 17:09,1253,2.336329222
5/1/2023 17:09,1240.996948,2.336596489
5/1/2023 17:10,1142.996582,2.337129354
5/1/2023 17:10,1145.946045,2.337395906
5/1/2023 17:10,1171.987549,2.337662697
5/1/2023 17:10,1056.619507,2.337929249
5/1/2023 17:10,1169.994019,2.338196039
5/1/2023 17:11,1180,2.338462114
5/2/2023 1:11,1143.052856,10.10739231
5/2/2023 2:31,1016.981323,10.28643417
5/2/2023 2:33,1152.001221,10.01908588
5/2/2023 2:33,1218.92749,9.960306168
5/2/2023 2:33,1037.047485,9.849370956
5/2/2023 2:33,1097.999756,9.777738571
5/2/2023 2:34,1260.036011,9.632971764
5/2/2023 2:34,1228.062744,9.460906982
5/2/2023 2:34,1000.582214,9.052898407
5/2/2023 2:35,1017.967773,8.667578697
5/2/2023 2:35,1080.860107,8.896080971
5/2/2023 2:36,1199.719482,8.621743202
5/2/2023 2:36,1185.930298,8.607960701
5/2/2023 2:36,1300.994019,8.729484558
5/2/2023 2:36,1161.948486,8.621429443
5/2/2023 2:36,1338.999146,8.379279137
5/2/2023 2:36,1293.965454,8.43758297
5/2/2023 2:37,1137.994019,8.482583046
5/2/2023 2:37,1066.977051,8.512081146
5/2/2023 2:37,1210.99585,8.44729805
5/2/2023 2:37,1182.914673,8.345887184
5/2/2023 2:38,1204.991577,8.383844376
5/2/2023 2:38,1185.973389,8.516798973
5/2/2023 2:38,1150.006226,9.038409233
5/2/2023 2:38,1000.583313,9.328165054
5/2/2023 2:38,1124.00061,9.473772049
5/2/2023 2:38,1127.000854,9.633018494
5/2/2023 2:39,1011.984436,9.706724167
5/2/2023 2:39,1132.012573,9.859185219
5/2/2023 2:39,1119.998169,9.924539566
5/2/2023 2:39,1037.956543,10.0275116
5/2/2023 2:39,1127.987549,10.05583572
5/2/2023 2:39,1146.979004,10.06083965
5/2/2023 2:40,1040.995972,10.05999374
5/2/2023 2:40,1064.981201,10.08550549
5/2/2023 2:40,1361.004761,10.10383511
5/2/2023 2:40,0,10.11367512
